codigo_departamento,departamento,codigo_distrito,distrito,codigo_ciudad,ciudad,codigo_barrio,barrio
11,CENTRAL,001,ASUNCIÓN,001,ASUNCIÓN,001,CENTRO
11,CENTRAL,001,ASUNCIÓN,001,ASUNCIÓN,002,RECOLETA
11,CENTRAL,001,ASUNCIÓN,001,ASUNCIÓN,003,SAJONIA
11,CENTRAL,002,FERNANDO DE LA MORA,001,FERNANDO DE LA MORA,001,CENTRO
11,CENTRAL,002,FERNANDO DE LA MORA,001,FERNANDO DE LA MORA,002,ZONA NORTE
11,CENTRAL,003,LAMBARÉ,001,LAMBARÉ,001,CENTRO
11,CENTRAL,003,LAMBARÉ,001,LAMBARÉ,002,ZONA SUR
11,CENTRAL,004,LUQUE,001,LUQUE,001,CENTRO
11,CENTRAL,004,LUQUE,001,LUQUE,002,ZONA INDUSTRIAL
11,CENTRAL,005,MARIANO ROQUE ALONSO,001,MARIANO ROQUE ALONSO,001,CENTRO
11,CENTRAL,006,ÑEMBY,001,ÑEMBY,001,CENTRO
11,CENTRAL,007,SAN LORENZO,001,SAN LORENZO,001,CENTRO
11,CENTRAL,007,SAN LORENZO,001,SAN LORENZO,002,ZONA UNIVERSITARIA
10,ALTO PARANÁ,001,CIUDAD DEL ESTE,001,CIUDAD DEL ESTE,001,CENTRO
10,ALTO PARANÁ,001,CIUDAD DEL ESTE,001,CIUDAD DEL ESTE,002,ZONA COMERCIAL
10,ALTO PARANÁ,002,HERNANDARIAS,001,HERNANDARIAS,001,CENTRO
10,ALTO PARANÁ,003,ITAIPÚ,001,ITAIPÚ,001,CENTRO
07,ITAPÚA,001,ENCARNACIÓN,001,ENCARNACIÓN,001,CENTRO
07,ITAPÚA,001,ENCARNACIÓN,001,ENCARNACIÓN,002,ZONA ALTA
07,ITAPÚA,002,BELLA VISTA,001,BELLA VISTA,001,CENTRO
01,CONCEPCIÓN,001,CONCEPCIÓN,001,CONCEPCIÓN,001,CENTRO
01,CONCEPCIÓN,002,BELÉN,001,BELÉN,001,CENTRO
01,CONCEPCIÓN,003,HORQUETA,001,HORQUETA,001,CENTRO
02,SAN PEDRO,001,SAN PEDRO DEL YCUAMANDIYÚ,001,SAN PEDRO DEL YCUAMANDIYÚ,001,CENTRO
02,SAN PEDRO,002,ANTEQUERA,001,ANTEQUERA,001,CENTRO
03,CORDILLERA,001,CAACUPÉ,001,CAACUPÉ,001,CENTRO
03,CORDILLERA,002,ALTOS,001,ALTOS,001,CENTRO
04,GUAIRÁ,001,VILLARRICA,001,VILLARRICA,001,CENTRO
04,GUAIRÁ,002,BORJA,001,BORJA,001,CENTRO
05,CAAGUAZÚ,001,CORONEL OVIEDO,001,CORONEL OVIEDO,001,CENTRO
05,CAAGUAZÚ,002,CAAGUAZÚ,001,CAAGUAZÚ,001,CENTRO
06,CAAZAPÁ,001,CAAZAPÁ,001,CAAZAPÁ,001,CENTRO
06,CAAZAPÁ,002,ABAÍ,001,ABAÍ,001,CENTRO
08,MISIONES,001,SAN JUAN BAUTISTA,001,SAN JUAN BAUTISTA,001,CENTRO
08,MISIONES,002,AYOLAS,001,AYOLAS,001,CENTRO
09,PARAGUARÍ,001,PARAGUARÍ,001,PARAGUARÍ,001,CENTRO
09,PARAGUARÍ,002,ACAHAY,001,ACAHAY,001,CENTRO
12,ÑEEMBUCÚ,001,PILAR,001,PILAR,001,CENTRO
12,ÑEEMBUCÚ,002,ALBERDI,001,ALBERDI,001,CENTRO
13,AMAMBAY,001,PEDRO JUAN CABALLERO,001,PEDRO JUAN CABALLERO,001,CENTRO
13,AMAMBAY,002,BELLA VISTA,001,BELLA VISTA,001,CENTRO
14,CANINDEYÚ,001,SALTO DEL GUAIRÁ,001,SALTO DEL GUAIRÁ,001,CENTRO
14,CANINDEYÚ,002,CURUGUATY,001,CURUGUATY,001,CENTRO
15,PRESIDENTE HAYES,001,VILLA HAYES,001,VILLA HAYES,001,CENTRO
15,PRESIDENTE HAYES,002,BENJAMÍN ACEVAL,001,BENJAMÍN ACEVAL,001,CENTRO
16,ALTO PARAGUAY,001,FUERTE OLIMPO,001,FUERTE OLIMPO,001,CENTRO
16,ALTO PARAGUAY,002,BAHÍA NEGRA,001,BAHÍA NEGRA,001,CENTRO
17,BOQUERÓN,001,FILADELFIA,001,FILADELFIA,001,CENTRO
17,BOQUERÓN,002,LOMA PLATA,001,LOMA PLATA,001,CENTRO